n_models,models,weights,accuracy,macro_precision,macro_recall,macro_f1,weighted_f1
2,M3 + M5,"{'M3': 0.55, 'M5': 0.45}",0.8013937282229965,0.8048232670590593,0.8032879818594104,0.8025658153933021,0.8018039373077386
2,M4 + M5,"{'M4': 0.45, 'M5': 0.55}",0.7952961672473867,0.7987150672698503,0.7973356009070294,0.7967430681975657,0.795839171887716
2,M2 + M5,"{'M2': 0.5, 'M5': 0.5}",0.7926829268292683,0.798476769808305,0.7950680272108843,0.794424257977789,0.7934186399748014
2,M1 + M5,"{'M1': 0.3, 'M5': 0.7}",0.7874564459930313,0.7930401599140415,0.7893990929705215,0.7896481276521997,0.7887323388773242
2,M3 + M4,"{'M3': 0.6, 'M4': 0.4}",0.7813588850174216,0.7860815233224362,0.7838718820861678,0.7818927608148835,0.7809404711001621
2,M1 + M3,"{'M1': 0.2, 'M3': 0.8}",0.7534843205574913,0.7586532231657529,0.7565192743764172,0.7541469130949382,0.7528690448890395
2,M2 + M3,"{'M2': 0.4, 'M3': 0.6}",0.7517421602787456,0.7582840147918607,0.7549603174603176,0.7516155875600384,0.7505137374066182
2,M2 + M4,"{'M2': 0.4, 'M4': 0.6}",0.7081881533101045,0.708920220238193,0.7098922902494332,0.7081523006347279,0.7075744646643799
2,M1 + M4,"{'M1': 0.05, 'M4': 0.95}",0.7020905923344948,0.7040170556333654,0.703798185941043,0.7032649943972679,0.70229933223971
2,M1 + M2,"{'M1': 0.55, 'M2': 0.45}",0.587979094076655,0.5899858137646496,0.5902777777777778,0.5816684151717043,0.581508247392535
3,M3 + M4 + M5,"{'M3': 0.45, 'M4': 0.35, 'M5': 0.2}",0.8109756097560976,0.8147543207618817,0.8130668934240362,0.8121352916052439,0.8113684592298982
3,M1 + M3 + M5,"{'M1': 0.2, 'M3': 0.5, 'M5': 0.3}",0.8048780487804879,0.8090620848549871,0.8068310657596371,0.806231148187991,0.805592829006311
3,M2 + M3 + M5,"{'M2': 0.05, 'M3': 0.5, 'M5': 0.45}",0.804006968641115,0.8077185716611645,0.8058390022675735,0.8053549137468314,0.8046610624503785
3,M2 + M4 + M5,"{'M2': 0.3, 'M4': 0.25, 'M5': 0.45}",0.7996515679442509,0.8033512426835491,0.8020124716553289,0.8009405177023862,0.7999006420611173
3,M1 + M4 + M5,"{'M1': 0.1, 'M4': 0.4, 'M5': 0.5}",0.7979094076655052,0.8020878046658373,0.8001700680272109,0.7995573770453519,0.7986200246119302
3,M1 + M2 + M5,"{'M1': 0.15, 'M2': 0.4, 'M5': 0.45}",0.7961672473867596,0.8013033215424454,0.798611111111111,0.7977992125419621,0.7967400317078404
3,M2 + M3 + M4,"{'M2': 0.15, 'M3': 0.55, 'M4': 0.3}",0.7857142857142857,0.791078614772497,0.7885487528344671,0.786282177992161,0.7852564292929602
3,M1 + M3 + M4,"{'M1': 0.0, 'M3': 0.6, 'M4': 0.4}",0.7813588850174216,0.7860815233224362,0.7838718820861678,0.7818927608148835,0.7809404711001621
3,M1 + M2 + M3,"{'M1': 0.15, 'M2': 0.15, 'M3': 0.7}",0.7587108013937283,0.7638983299268766,0.7616213151927438,0.759149324474009,0.7578856761902143
3,M1 + M2 + M4,"{'M1': 0.05, 'M2': 0.3, 'M4': 0.65}",0.7081881533101045,0.7085110257408981,0.709892290249433,0.7083787850525624,0.7075536424507214
4,M1 + M3 + M4 + M5,"{'M1': 0.25, 'M3': 0.35, 'M4': 0.2, 'M5': 0.2}",0.8118466898954704,0.815354368383452,0.8143424036281179,0.8129750188808575,0.8121089254758823
4,M2 + M3 + M4 + M5,"{'M2': 0.05, 'M3': 0.45, 'M4': 0.15, 'M5': 0.35}",0.8109756097560976,0.8146619075203878,0.8129251700680272,0.812479114024793,0.8116259795590894
4,M1 + M2 + M3 + M5,"{'M1': 0.1, 'M2': 0.1, 'M3': 0.45, 'M5': 0.35}",0.8057491289198606,0.8091594853568403,0.8075396825396824,0.8068786002878438,0.8063923309666179
4,M1 + M2 + M4 + M5,"{'M1': 0.05, 'M2': 0.25, 'M4': 0.25, 'M5': 0.45}",0.7996515679442509,0.8035916360820167,0.8021541950113379,0.8011199851110454,0.7999482283778225
4,M1 + M2 + M3 + M4,"{'M1': 0.05, 'M2': 0.1, 'M3': 0.55, 'M4': 0.3}",0.7865853658536586,0.7919010530934463,0.7893990929705215,0.7871464267802488,0.7860865568749822
5,M1 + M2 + M3 + M4 + M5,"{'M1': 0.05, 'M2': 0.1, 'M3': 0.4, 'M4': 0.15, 'M5': 0.3}",0.8118466898954704,0.8153710966954638,0.8140589569160998,0.8132477355872457,0.8123137628882394
