model_a,model_b,pair,accuracy_a,accuracy_b,both_correct,a_correct_b_wrong,a_wrong_b_correct,both_wrong,pct_both_correct,pct_a_correct_b_wrong,pct_a_wrong_b_correct,pct_both_wrong,prediction_disagreement_pct,correctness_disagreement_pct,double_fault_pct,yule_q,oracle_accuracy
M1,M2,M1 + M2,0.5618,0.5497,486,159,145,358,42.3345,13.8502,12.6307,31.1847,37.3693,26.4808,31.1847,0.766,0.6882
M1,M3,M1 + M3,0.5618,0.7413,545,100,306,197,47.4739,8.7108,26.6551,17.1603,43.2056,35.3659,17.1603,0.5564,0.8284
M1,M4,M1 + M4,0.5618,0.6986,545,100,257,246,47.4739,8.7108,22.3868,21.4286,39.4599,31.0976,21.4286,0.6783,0.7857
M1,M5,M1 + M5,0.5618,0.7805,560,85,336,167,48.7805,7.4042,29.2683,14.547,42.5958,36.6725,14.547,0.5321,0.8545
M2,M3,M2 + M3,0.5497,0.7413,539,92,312,205,46.9512,8.0139,27.1777,17.8571,43.8153,35.1916,17.8571,0.5876,0.8214
M2,M4,M2 + M4,0.5497,0.6986,538,93,264,253,46.8641,8.101,22.9965,22.0383,39.9826,31.0976,22.0383,0.6944,0.7796
M2,M5,M2 + M5,0.5497,0.7805,542,89,354,163,47.2125,7.7526,30.8362,14.1986,45.9059,38.5889,14.1986,0.4743,0.858
M3,M4,M3 + M4,0.7413,0.6986,670,181,132,165,58.3624,15.7666,11.4983,14.3728,32.23,27.2648,14.3728,0.6446,0.8563
M3,M5,M3 + M5,0.7413,0.7805,747,104,149,148,65.0697,9.0592,12.9791,12.892,25.0,22.0383,12.892,0.7541,0.8711
M4,M5,M4 + M5,0.6986,0.7805,716,86,180,166,62.3693,7.4913,15.6794,14.4599,27.7875,23.1707,14.4599,0.7695,0.8554
