C,gamma,class_weight,train_macro_f1,macro_f1,accuracy,macro_precision,macro_recall,weighted_f1
10.0,0.001,None,0.5922303380227302,0.5479694161770605,0.554006968641115,0.5541441479160111,0.5552721088435374,0.5480662312057692
1.0,0.01,None,0.6736117859536032,0.5479078232630569,0.5548780487804879,0.556846625138041,0.5558390022675738,0.5486666514979345
1.0,scale,None,0.7051008765983687,0.54730564567915,0.554006968641115,0.5553971405357814,0.5547052154195011,0.5480743328009777
1.0,0.01,balanced,0.6708598031863331,0.5459947392548833,0.5522648083623694,0.5577829813393266,0.5541383219954649,0.5467613644368043
10.0,0.001,balanced,0.5890543601328943,0.5431712260254774,0.5487804878048781,0.5534346024854,0.550453514739229,0.5439238102959535
1.0,scale,balanced,0.7049091285215284,0.5412859320283122,0.5479094076655052,0.5530476600884247,0.5497448979591838,0.541964919815275
100.0,0.001,None,0.7257506192408943,0.5388520426894671,0.5418118466898955,0.5430407321697184,0.5409580498866213,0.5397996534867712
100.0,0.001,balanced,0.7231564192339581,0.5361715780409327,0.539198606271777,0.540582178385642,0.5392573696145124,0.5369524671479374
10.0,0.01,None,0.9355636607547984,0.5296542132505985,0.5331010452961672,0.5315022162717217,0.5317460317460317,0.5310948468592932
10.0,0.01,balanced,0.9348451561890424,0.529053484610437,0.5322299651567944,0.5314096084912157,0.5313208616780046,0.5303228014484264
10.0,scale,balanced,0.9677098010833124,0.5241396661737787,0.5278745644599303,0.5251365561173938,0.5272108843537415,0.5249072526243371
10.0,scale,None,0.96727866284921,0.5233109888890878,0.5270034843205574,0.5242211928540522,0.5259353741496599,0.5242446730054127
1.0,0.001,balanced,0.5081724646339311,0.5161996718438876,0.5313588850174216,0.540104257491548,0.5340136054421769,0.5162761484006502
1.0,0.001,None,0.5103638552297046,0.5151908059380497,0.5296167247386759,0.5344487648476165,0.530187074829932,0.515361393367966
100.0,scale,None,0.9996051132228748,0.5136777295556864,0.5165505226480837,0.5153878400406179,0.5153061224489796,0.5146765211856476
100.0,scale,balanced,0.9996051132228748,0.5136777295556864,0.5165505226480837,0.5153878400406179,0.5153061224489796,0.5146765211856476
100.0,0.01,balanced,0.9996051132228748,0.5104196146283017,0.5130662020905923,0.5121982761940221,0.512046485260771,0.5111556256901084
100.0,0.01,None,0.9996051132228748,0.5102411623205597,0.5130662020905923,0.5119120762788633,0.512046485260771,0.5109728208870556
0.1,0.01,None,0.4643534017471065,0.4739990076325962,0.4956445993031358,0.5091974636184721,0.4967403628117914,0.4737540431067695
0.1,scale,None,0.4634415679588625,0.4641581038705943,0.4878048780487805,0.5008969563319523,0.4893707482993197,0.4636650088430478
0.1,0.01,balanced,0.4611254304386604,0.4589168753791933,0.485191637630662,0.5060060717282078,0.4893707482993197,0.4582876246029482
0.1,scale,balanced,0.4602100479769369,0.454625718725439,0.4808362369337979,0.4982923511069906,0.4849773242630386,0.4538689993253756
0.1,0.001,balanced,0.3801204831846884,0.3938806099410991,0.440766550522648,0.5085610442453962,0.4450113378684807,0.391494142663528
10.0,0.1,balanced,0.9996051132228748,0.3686647082977521,0.3911149825783972,0.4101727946658057,0.3873299319727891,0.3706878893363733
100.0,0.1,None,0.9996051132228748,0.3686647082977521,0.3911149825783972,0.4101727946658057,0.3873299319727891,0.3706878893363733
10.0,0.1,None,0.9996051132228748,0.3686647082977521,0.3911149825783972,0.4101727946658057,0.3873299319727891,0.3706878893363733
100.0,0.1,balanced,0.9996051132228748,0.3686647082977521,0.3911149825783972,0.4101727946658057,0.3873299319727891,0.3706878893363733
1.0,0.1,None,0.9938658004534644,0.3435487606135195,0.3702090592334495,0.391672374630583,0.3662131519274376,0.3454493401406785
1.0,0.1,balanced,0.9933032071163408,0.3401493312988859,0.3684668989547038,0.3867981613597551,0.3655045351473923,0.3413282187300974
0.1,0.001,None,0.3124080162199609,0.3216524275820207,0.397212543554007,0.4221181300585739,0.3877551020408163,0.3294976087425577
0.1,0.1,None,0.3050354882602234,0.1074560353091166,0.1986062717770035,0.2618372406652937,0.1938775510204081,0.1100769142190951
0.1,0.1,balanced,0.3050354882602234,0.1074560353091166,0.1986062717770035,0.2618372406652937,0.1938775510204081,0.1100769142190951
