,importancia
loudness_sma3_meanRisingSlope,0.016300249074716146
mfcc2_sma3_stddevNorm,0.010476987348127187
hammarbergIndexV_sma3nz_stddevNorm,0.007697141792034378
HNRdBACF_sma3nz_amean,0.005996220331898683
slopeUV500-1500_sma3nz_amean,0.005913338627175269
loudnessPeaksPerSec,0.004659669469398886
mfcc1_sma3_stddevNorm,0.003682882337065996
slopeV0-500_sma3nz_stddevNorm,0.0035179256495847964
loudness_sma3_pctlrange0-2,0.00345839249250639
F0semitoneFrom27.5Hz_sma3nz_meanRisingSlope,0.003128497843799383
VoicedSegmentsPerSec,0.0029536249893637343
F0semitoneFrom27.5Hz_sma3nz_pctlrange0-2,0.0026504607452675797
mfcc3_sma3_stddevNorm,0.002602333531146095
logRelF0-H1-H2_sma3nz_amean,0.002458328619915973
mfcc2_sma3_amean,0.002437703636274624
MeanUnvoicedSegmentLength,0.002436082267993367
mfcc2V_sma3nz_amean,0.0024009455303297456
F0semitoneFrom27.5Hz_sma3nz_percentile20.0,0.002324507668635811
F0semitoneFrom27.5Hz_sma3nz_percentile80.0,0.0022000627003969874
F0semitoneFrom27.5Hz_sma3nz_percentile50.0,0.0018559681255035042
loudness_sma3_percentile50.0,0.001349177806641344
F2frequency_sma3nz_amean,0.0013133739619484608
slopeV500-1500_sma3nz_stddevNorm,0.0011152662056148842
F3frequency_sma3nz_amean,0.0011004806287991276
logRelF0-H1-A3_sma3nz_stddevNorm,0.0010709124097499246
hammarbergIndexV_sma3nz_amean,0.0009538253155524812
mfcc2V_sma3nz_stddevNorm,0.000818390424495985
alphaRatioV_sma3nz_amean,0.000716770408588241
mfcc3V_sma3nz_amean,0.0006277987286924525
F2amplitudeLogRelF0_sma3nz_stddevNorm,0.0005716203091414185
loudness_sma3_stddevFallingSlope,0.000511913628896865
loudness_sma3_percentile80.0,0.00046239081826766616
hammarbergIndexUV_sma3nz_amean,0.00039830646629768207
F3bandwidth_sma3nz_stddevNorm,0.0003160481921459901
loudness_sma3_stddevNorm,5.335048037391488e-05
F0semitoneFrom27.5Hz_sma3nz_amean,-8.840984269875563e-06
F1bandwidth_sma3nz_amean,-8.887460595654594e-05
F1bandwidth_sma3nz_stddevNorm,-0.00017089289134342156
F2bandwidth_sma3nz_stddevNorm,-0.00018481377687695755
mfcc1_sma3_amean,-0.0003142732870984544
F3amplitudeLogRelF0_sma3nz_amean,-0.0003268557311641773
mfcc3V_sma3nz_stddevNorm,-0.0004243686281754977
F1frequency_sma3nz_amean,-0.000511396891453808
F0semitoneFrom27.5Hz_sma3nz_stddevNorm,-0.0005261464559210616
slopeV0-500_sma3nz_amean,-0.0005279515602735652
F2bandwidth_sma3nz_amean,-0.0005720994945364489
logRelF0-H1-H2_sma3nz_stddevNorm,-0.0006337900964935139
mfcc3_sma3_amean,-0.0006470636993838985
F0semitoneFrom27.5Hz_sma3nz_stddevRisingSlope,-0.0006718802666488832
mfcc1V_sma3nz_stddevNorm,-0.000702577618027056
mfcc4_sma3_amean,-0.0007159011646063584
mfcc4V_sma3nz_amean,-0.0007320249771261
jitterLocal_sma3nz_stddevNorm,-0.0008444143989910557
spectralFluxV_sma3nz_stddevNorm,-0.0008505868746458312
slopeUV0-500_sma3nz_amean,-0.0008513486439572171
F2amplitudeLogRelF0_sma3nz_amean,-0.0008687872429305133
shimmerLocaldB_sma3nz_stddevNorm,-0.0010756589472253665
MeanVoicedSegmentLengthSec,-0.001151278633750752
logRelF0-H1-A3_sma3nz_amean,-0.0012216636946683623
F3amplitudeLogRelF0_sma3nz_stddevNorm,-0.00124061255727681
shimmerLocaldB_sma3nz_amean,-0.0012770960478297288
F2frequency_sma3nz_stddevNorm,-0.0013825380655574592
StddevUnvoicedSegmentLength,-0.0014108498571939077
spectralFluxUV_sma3nz_amean,-0.001416496665852507
alphaRatioV_sma3nz_stddevNorm,-0.001859360524584397
F1amplitudeLogRelF0_sma3nz_amean,-0.0018788424874473185
mfcc1V_sma3nz_amean,-0.0019197854035390982
jitterLocal_sma3nz_amean,-0.002179140434335114
mfcc4_sma3_stddevNorm,-0.0022345791172473815
F0semitoneFrom27.5Hz_sma3nz_meanFallingSlope,-0.002250084251629381
loudness_sma3_meanFallingSlope,-0.0022536686872276944
loudness_sma3_stddevRisingSlope,-0.0024750219464841237
slopeV500-1500_sma3nz_amean,-0.002584344203689315
mfcc4V_sma3nz_stddevNorm,-0.0026674446337321854
HNRdBACF_sma3nz_stddevNorm,-0.002672526600661107
F0semitoneFrom27.5Hz_sma3nz_stddevFallingSlope,-0.0026906797949269867
F3frequency_sma3nz_stddevNorm,-0.0028189670239328946
loudness_sma3_percentile20.0,-0.002882107342824125
F1frequency_sma3nz_stddevNorm,-0.0029093473674697058
F3bandwidth_sma3nz_amean,-0.0034384796664720606
spectralFlux_sma3_stddevNorm,-0.003915154182285452
StddevVoicedSegmentLengthSec,-0.004095033264778869
F1amplitudeLogRelF0_sma3nz_stddevNorm,-0.0046449768113199005
equivalentSoundLevel_dBp,-0.004865720167000198
spectralFluxV_sma3nz_amean,-0.005181410991242741
alphaRatioUV_sma3nz_amean,-0.005750895076257878
loudness_sma3_amean,-0.005921727200059124
spectralFlux_sma3_amean,-0.007672874070515046
