min_samples_leaf,max_features,class_weight,train_macro_f1,accuracy,macro_precision,macro_recall,macro_f1,weighted_f1
1,0.5,None,0.9996051132228749,0.5522648083623694,0.562985365879854,0.5549886621315193,0.5445915882020543,0.5448661797842183
3,0.5,None,0.9895031702514266,0.5513937282229965,0.5592068504519437,0.554421768707483,0.5430734150425011,0.5431101398981232
10,0.5,None,0.8221341132904733,0.5513937282229965,0.562643102624314,0.5548469387755102,0.5425504589901432,0.5426932202409657
5,0.5,balanced,0.9488784993980369,0.5505226480836237,0.566193800712209,0.554563492063492,0.5425229937327497,0.5426095179429733
1,0.3,balanced,0.9996051132228749,0.5479094076655052,0.5557509942442745,0.5508786848072562,0.5403047738490357,0.5403273421151017
5,0.3,balanced,0.9415616792006597,0.5487804878048781,0.5714827940104507,0.552437641723356,0.5388399441912376,0.539247652737236
1,0.5,balanced,0.9996051132228749,0.544425087108014,0.554478054003381,0.5473356009070295,0.5361341692316433,0.536325200510648
5,0.5,None,0.9514443192262348,0.5452961672473867,0.5614857938663901,0.5490362811791384,0.5359811078140204,0.5356986030020597
3,sqrt,None,0.98601061814888,0.5452961672473867,0.5608484050780491,0.5488945578231292,0.5354834675181379,0.5354237707629033
3,0.3,None,0.9891417186187962,0.5435540069686411,0.552743956984441,0.5469104308390023,0.5350008088364835,0.5347247727157582
10,0.5,balanced,0.8203994639137396,0.5452961672473867,0.5658087796931132,0.5497448979591837,0.5346283210976507,0.5347090729634365
1,sqrt,balanced,0.9996051132228749,0.5452961672473867,0.5517341908469277,0.548611111111111,0.5339105399117134,0.5337643066586726
5,sqrt,None,0.9313828188912491,0.5461672473867596,0.5609503904686691,0.5501700680272109,0.5337214604073528,0.5332202151167755
3,0.3,balanced,0.9885065385492723,0.5426829268292683,0.552257724483375,0.546485260770975,0.5329680109417194,0.5328553911741443
5,0.3,None,0.946095225340907,0.5409407665505227,0.557206621820059,0.5439342403628118,0.5320625144318882,0.5323044166827996
10,0.3,balanced,0.8068375739460225,0.5435540069686411,0.5653340652101393,0.548327664399093,0.5313310206488985,0.5311490186294016
3,0.5,balanced,0.9891054585737479,0.539198606271777,0.547908764495528,0.5419501133786847,0.5311741121670916,0.5315336777106151
10,0.3,None,0.8134126288881515,0.5426829268292683,0.5601995867025015,0.546485260770975,0.5311245037536246,0.5309669203960959
3,sqrt,balanced,0.9860022565323187,0.5418118466898955,0.5630593253140632,0.5457766439909296,0.5297599916937142,0.5298948921035642
1,sqrt,None,0.9996051132228749,0.5365853658536586,0.5449636902074009,0.5399659863945577,0.5275800518778859,0.5274244959375111
1,0.3,None,0.9996051132228749,0.5339721254355401,0.5446437276883231,0.5368480725623582,0.5265470531003822,0.5269687066087021
10,sqrt,None,0.7869216866114793,0.5313588850174216,0.5530323179461832,0.5352891156462585,0.5172112556368094,0.516942830059928
5,sqrt,balanced,0.9254209058233114,0.5313588850174216,0.5490532056972485,0.5362811791383221,0.5153454318066405,0.514707888285895
10,sqrt,balanced,0.7749225305064128,0.5304878048780488,0.5592573404675888,0.5354308390022676,0.5152934399812187,0.5150463597657958
