epoch,train_loss,val_loss,val_acc,val_macro_f1,lr
1,1.697745880484581,1.5450514554977417,0.3867595818815331,0.3143657523759141,0.001
2,1.5729267284274102,1.3234527111053467,0.46777003484320556,0.43718423650349764,0.001
3,1.5321800529956817,1.3354895114898682,0.4625435540069686,0.41834877716751473,0.001
4,1.4913461342453957,1.249427080154419,0.5087108013937283,0.49077728425962447,0.001
5,1.469696818292141,1.277603030204773,0.5,0.4607003983552494,0.001
6,1.4459437757730484,1.228629231452942,0.49738675958188155,0.4794109499694195,0.001
7,1.4382975786924361,1.1646575927734375,0.5548780487804879,0.546402197019276,0.001
8,1.4110854372382164,2.068087577819824,0.25,0.16546670675510775,0.001
9,1.3977825701236726,1.1493967771530151,0.5749128919860628,0.5613470876854642,0.001
10,1.3937691003084183,1.1391124725341797,0.5592334494773519,0.5557998385896843,0.001
11,1.3757727414369583,1.142003059387207,0.578397212543554,0.5768786087410706,0.001
12,1.3679570972919464,1.2135266065597534,0.5409407665505227,0.5160033536028212,0.001
13,1.3562551200389863,1.243323802947998,0.5217770034843205,0.495313908483242,0.001
14,1.336820474267006,1.1688203811645508,0.568815331010453,0.5596507580366669,0.001
15,1.318486002087593,1.5192657709121704,0.44686411149825783,0.40835660872221496,0.0005
16,1.2903050199151038,1.242753505706787,0.47473867595818814,0.4752835961247965,0.0005
17,1.280983915925026,1.1390231847763062,0.5722996515679443,0.5575693045946787,0.0005
18,1.2746478021144867,1.2991726398468018,0.46777003484320556,0.45914484455408316,0.0005
19,1.2571606531739234,1.095785140991211,0.6001742160278746,0.5936029065694116,0.0005
20,1.2593402132391929,1.0355356931686401,0.5984320557491289,0.5972859104713395,0.0005
21,1.24424639493227,1.0389039516448975,0.6027874564459931,0.6006849842433123,0.0005
22,1.2352282851934433,1.0187431573867798,0.627177700348432,0.6225667621573069,0.0005
23,1.2251819506287576,1.0968023538589478,0.5932055749128919,0.5854863252547972,0.0005
24,1.2157005831599235,1.2386783361434937,0.5339721254355401,0.51376884032528,0.0005
25,1.2198119759559631,1.019680380821228,0.6219512195121951,0.6147764841652604,0.0005
26,1.2013525262475013,1.1872751712799072,0.5670731707317073,0.5557125576801399,0.0005
27,1.1978992253541947,1.1243327856063843,0.5810104529616724,0.5659027033991458,0.00025
28,1.167154487967491,0.9389002919197083,0.6594076655052264,0.6591544729879346,0.00025
29,1.1485180854797363,0.9541305899620056,0.6489547038327527,0.6469540461412094,0.00025
30,1.1457061432301998,1.0465747117996216,0.617595818815331,0.6071779492601582,0.00025
31,1.1374212123453618,1.0781474113464355,0.6010452961672473,0.589417123629349,0.00025
32,1.1283311791718007,1.0426764488220215,0.6193379790940766,0.6092328518996805,0.00025
33,1.1272448487579823,0.9852221608161926,0.6210801393728222,0.6184489490879769,0.000125
34,1.1008775271475315,0.9231483340263367,0.6567944250871081,0.6536435464832254,0.000125
35,1.0913296699523927,0.9380524158477783,0.6332752613240418,0.6304852669375106,0.000125
36,1.0886077515780925,0.9191552996635437,0.6777003484320557,0.675747433961836,0.000125
37,1.0812418170273304,0.946928858757019,0.6463414634146342,0.642803488618647,0.000125
38,1.0889710918068887,0.9616536498069763,0.6454703832752613,0.6370132814676195,0.000125
39,1.0768404372036458,0.9270390868186951,0.6655052264808362,0.6611473781445091,0.000125
40,1.0634005308151244,0.913952648639679,0.671602787456446,0.6726033143959071,0.000125
41,1.0646875284612178,0.9145523905754089,0.6724738675958188,0.669207491628829,0.000125
42,1.0599326655268668,0.9195442795753479,0.6594076655052264,0.6588103303642604,0.000125
43,1.0503790467977523,0.9032924771308899,0.6724738675958188,0.6690384744594602,0.000125
44,1.061276090890169,1.0012391805648804,0.6254355400696864,0.6152410344414059,0.000125
45,1.05815834030509,0.8779385685920715,0.6794425087108014,0.6809229349362408,0.000125
46,1.0489787302911282,0.8901321291923523,0.6794425087108014,0.6783436154455016,0.000125
47,1.0441096998751163,0.9738681316375732,0.6393728222996515,0.6370027470432659,0.000125
48,1.042812018096447,0.9243581891059875,0.6646341463414634,0.6588327254299557,0.000125
49,1.047791302204132,0.9659795761108398,0.6385017421602788,0.629253693182337,0.000125
50,1.0409368306398392,0.9606251120567322,0.6541811846689896,0.644690152729645,6.25e-05
51,1.0237775519490242,0.90847247838974,0.6707317073170732,0.6677232915203705,6.25e-05
52,1.0164688497781753,0.8841269612312317,0.6750871080139372,0.6731768516701306,6.25e-05
53,1.0124123081564904,0.8658972382545471,0.6837979094076655,0.6822620093524184,6.25e-05
54,0.9993861623108387,0.8613208532333374,0.6785714285714286,0.6791800421869203,6.25e-05
55,1.0034827068448067,0.8726339340209961,0.6837979094076655,0.6820261047008974,6.25e-05
56,1.0022235475480556,0.8618508577346802,0.6837979094076655,0.6841779427389095,6.25e-05
57,1.0030403725802899,0.8870934844017029,0.6724738675958188,0.6695841648738844,6.25e-05
58,1.0060805305838585,0.8856774568557739,0.6820557491289199,0.6816164397121228,6.25e-05
59,0.9972374267876148,0.8829302191734314,0.6759581881533101,0.6720376535732874,3.125e-05
60,0.9756991647183895,0.8781915903091431,0.6785714285714286,0.676544201036151,3.125e-05
61,0.97907535135746,0.8500177264213562,0.6986062717770035,0.6997638310483931,3.125e-05
62,0.9880450315773487,0.8682910203933716,0.6846689895470384,0.684088341936647,3.125e-05
63,0.9974274732172489,0.8535303473472595,0.6907665505226481,0.6903669307775843,3.125e-05
64,0.986919966340065,0.8609128594398499,0.6820557491289199,0.679954032105767,3.125e-05
65,0.9914912149310112,0.8483119010925293,0.6890243902439024,0.6873685660537964,3.125e-05
66,0.9813527539372444,0.8594061136245728,0.6898954703832753,0.6880388164715985,3.125e-05
67,0.980108018219471,0.8696704506874084,0.6777003484320557,0.6791151890263225,3.125e-05
68,0.9829164333641529,0.8485337495803833,0.6855400696864111,0.6844558876765349,3.125e-05
69,0.9769085392355918,0.8587875366210938,0.6898954703832753,0.6880751299477349,3.125e-05
70,0.9755902700126171,0.8666893243789673,0.681184668989547,0.6794829907310244,1.5625e-05
71,0.9669000826776027,0.8564472198486328,0.6907665505226481,0.6898373111336981,1.5625e-05
72,0.9677370570600032,0.8480748534202576,0.6872822299651568,0.6853829382470789,1.5625e-05
73,0.9734094344079495,0.8452285528182983,0.6916376306620209,0.6907654598810193,1.5625e-05
