,,M1,M2,M3,M4,M5
flattened,M1,1.0,0.7707,0.6687,0.7298,0.633
flattened,M2,0.7707,1.0,0.6327,0.6719,0.5837
flattened,M3,0.6687,0.6327,1.0,0.7768,0.8407
flattened,M4,0.7298,0.6719,0.7768,1.0,0.7882
flattened,M5,0.633,0.5837,0.8407,0.7882,1.0
per_class_mean,M1,1.0,0.7318,0.6511,0.7192,0.6226
per_class_mean,M2,0.7318,1.0,0.6192,0.6706,0.5841
per_class_mean,M3,0.6511,0.6192,1.0,0.7744,0.8378
per_class_mean,M4,0.7192,0.6706,0.7744,1.0,0.7854
per_class_mean,M5,0.6226,0.5841,0.8378,0.7854,1.0
residual,M1,1.0,0.9245,0.8025,0.8222,0.6454
residual,M2,0.9245,1.0,0.803,0.7991,0.624
residual,M3,0.8025,0.803,1.0,0.7867,0.7581
residual,M4,0.8222,0.7991,0.7867,1.0,0.716
residual,M5,0.6454,0.624,0.7581,0.716,1.0
